symbol,jq_code,CoName,MktNm,turnover,price
6857.T,68570,アドバンテスト,プライム,158779194350.0,9023.5
5803.T,58030,フジクラ,プライム,140398570500.0,6125.5
8306.T,83060,三菱ＵＦＪフィナンシャル・グループ,プライム,109404674225.0,1979.5
9984.T,99840,ソフトバンクグループ,プライム,107797786600.0,8794.0
7011.T,70110,三菱重工業,プライム,107226705050.0,3077.25
7203.T,72030,トヨタ自動車,プライム,71873802750.0,2823.0
7013.T,70130,ＩＨＩ,プライム,63457155000.0,7266.0
8316.T,83160,三井住友フィナンシャルグループ,プライム,58603863250.0,4028.0
6501.T,65010,日立製作所,プライム,56652028850.0,3974.5
7012.T,70120,川崎重工業,プライム,50714028200.0,8164.0
6758.T,67580,ソニーグループ,プライム,49722192850.0,3696.5
8411.T,84110,みずほフィナンシャルグループ,プライム,47381337800.0,4147.0
9501.T,95010,東京電力ホールディングス,プライム,40176091415.0,640.05
8136.T,81360,サンリオ,プライム,37550350850.0,5423.0
6098.T,60980,リクルートホールディングス,プライム,35912790050.0,8414.0
8058.T,80580,三菱商事,プライム,32072569400.0,3040.0
4063.T,40630,信越化学工業,プライム,30267066050.0,5035.5
8766.T,87660,東京海上ホールディングス,プライム,27995416800.0,5736.0
9104.T,91040,商船三井,プライム,27301363450.0,5020.0
5801.T,58010,古河電気工業,プライム,26617939050.0,6958.0
9432.T,94320,日本電信電話,プライム,26240532145.0,155.3
7267.T,72670,本田技研工業,プライム,25715670325.0,1538.5
8031.T,80310,三井物産,プライム,24496740500.0,3345.0
6503.T,65030,三菱電機,プライム,24186060150.0,2861.75
8001.T,80010,伊藤忠商事,プライム,24058020950.0,7526.5
6981.T,69810,村田製作所,プライム,22843997900.0,2815.25
4568.T,45680,第一三共,プライム,22317987275.0,3700.5
2914.T,29140,日本たばこ産業,プライム,22010588950.0,4427.5
6723.T,67230,ルネサスエレクトロニクス,プライム,21560226125.0,2019.25
9101.T,91010,日本郵船,プライム,20448146050.0,5119.5
4502.T,45020,武田薬品工業,プライム,20411900950.0,4312.5
6526.T,65260,ソシオネクスト,プライム,20191437750.0,2482.25
6762.T,67620,ＴＤＫ,プライム,18338167675.0,2004.25
6702.T,67020,富士通,プライム,18210294400.0,3132.5
9433.T,94330,ＫＤＤＩ,プライム,17665791000.0,2663.25
6701.T,67010,日本電気,プライム,17489404000.0,5508.5
7003.T,70030,三井Ｅ＆Ｓ,プライム,17098727450.0,2042.0
8002.T,80020,丸紅,プライム,16028828850.0,2955.75
4519.T,45190,中外製薬,プライム,16019975100.0,7143.5
7751.T,77510,キヤノン,プライム,15733341800.0,4599.0
9107.T,91070,川崎汽船,プライム,15606318150.0,2165.5
8725.T,87250,ＭＳ＆ＡＤインシュアランスグループホールディングス,プライム,15429356750.0,3412.5
6954.T,69540,ファナック,プライム,15084694500.0,4333.5
6301.T,63010,小松製作所,プライム,14738192150.0,4688.5
4661.T,46610,オリエンタルランド,プライム,14732201050.0,3193.5
9434.T,94340,ソフトバンク,プライム,14412765525.0,216.75
3382.T,33820,セブン＆アイ・ホールディングス,プライム,14007500900.0,2158.0
7269.T,72690,スズキ,プライム,13919137850.0,1845.25
1605.T,16050,ＩＮＰＥＸ,プライム,13899035575.0,2222.0
4755.T,47550,楽天グループ,プライム,13789151935.0,859.95
5401.T,54010,日本製鉄,プライム,13656744050.0,3023.75
7182.T,71820,ゆうちょ銀行,プライム,13602489200.0,1572.75
8053.T,80530,住友商事,プライム,13494348800.0,3799.5
8308.T,83080,りそなホールディングス,プライム,13444385680.0,1288.75
6902.T,69020,デンソー,プライム,13208403750.0,2123.0
6594.T,65940,ニデック,プライム,12657732900.0,2712.25
4062.T,40620,イビデン,プライム,12413021450.0,6282.5
6752.T,67520,パナソニック　ホールディングス,プライム,12051930475.0,1598.5
8801.T,88010,三井不動産,プライム,11953659450.0,1461.5
8473.T,84730,ＳＢＩホールディングス,プライム,11883795150.0,3934.0
7936.T,79360,アシックス,プライム,11772143250.0,3562.5
7453.T,74530,良品計画,プライム,11587939600.0,3197.0
6525.T,65250,ＫＯＫＵＳＡＩ　ＥＬＥＣＴＲＩＣ,プライム,11378099950.0,3622.5
8604.T,86040,野村ホールディングス,プライム,11273700640.0,989.25
5108.T,51080,ブリヂストン,プライム,11267681250.0,5944.0
5802.T,58020,住友電気工業,プライム,11143702950.0,2981.5
8630.T,86300,ＳＯＭＰＯホールディングス,プライム,11006735000.0,4503.5
8267.T,82670,イオン,プライム,10919674100.0,3516.5
4503.T,45030,アステラス製薬,プライム,10733120625.0,1626.5
4901.T,49010,富士フイルムホールディングス,プライム,10710204425.0,3337.5
8591.T,85910,オリックス,プライム,10417082600.0,3474.0
4578.T,45780,大塚ホールディングス,プライム,10269249050.0,8262.5
8802.T,88020,三菱地所,プライム,10225710825.0,2663.0
8309.T,83090,三井住友トラスト・ホールディングス,プライム,10199761200.0,3858.0
8750.T,87500,第一生命ホールディングス,プライム,10129661300.0,1461.0
6315.T,63150,ＴＯＷＡ,プライム,10099112850.0,2059.0
3350.T,33500,メタプラネット,スタンダード,10035988750.0,673.5
9503.T,95030,関西電力,プライム,9899885275.0,2371.25
2502.T,25020,アサヒグループホールディングス,プライム,9663990025.0,1828.5
4543.T,45430,テルモ,プライム,9468507925.0,2650.0
7201.T,72010,日産自動車,プライム,9274895105.0,376.5
5020.T,50200,ＥＮＥＯＳホールディングス,プライム,9211046110.0,819.85
7270.T,72700,ＳＵＢＡＲＵ,プライム,9183251400.0,2807.25
6361.T,63610,荏原製作所,プライム,8944067375.0,2680.5
9020.T,90200,東日本旅客鉄道,プライム,8828345950.0,3087.5
8015.T,80150,豊田通商,プライム,8807910600.0,3189.0
6988.T,69880,日東電工,プライム,8758676250.0,3196.5
4506.T,45060,住友ファーマ,プライム,8695866700.0,849.5
2802.T,28020,味の素,プライム,8590114250.0,4752.0
6971.T,69710,京セラ,プライム,8448492975.0,1834.75
9022.T,90220,東海旅客鉄道,プライム,8427637900.0,3421.0
4452.T,44520,花王,プライム,8390194950.0,6530.5
4385.T,43850,メルカリ,プライム,8270331500.0,2355.5
7014.T,70140,名村造船所,スタンダード,8136328750.0,2408.0
6178.T,61780,日本郵政,プライム,8069627325.0,1528.25
7261.T,72610,マツダ,プライム,8056437840.0,1062.75
9613.T,96130,ＮＴＴデータグループ,プライム,8033307925.0,2862.0
6506.T,65060,安川電機,プライム,7897859150.0,4286.5
7832.T,78320,バンダイナムコホールディングス,プライム,7861166500.0,4097.5
8830.T,88300,住友不動産,プライム,7736200350.0,5097.0
1925.T,19250,大和ハウス工業,プライム,7670577150.0,4955.5
7733.T,77330,オリンパス,プライム,7663611575.0,1979.75
9697.T,96970,カプコン,プライム,7525722600.0,3640.5
3436.T,34360,ＳＵＭＣＯ,プライム,7519710075.0,1442.0
1928.T,19280,積水ハウス,プライム,7404710050.0,3468.5
9509.T,95090,北海道電力,プライム,7294777215.0,1000.5
5838.T,58380,楽天銀行,プライム,7077611150.0,6141.0
5411.T,54110,ＪＦＥホールディングス,プライム,7065645200.0,1849.25
6963.T,69630,ローム,プライム,7016807650.0,1955.25
6326.T,63260,クボタ,プライム,6909463225.0,1984.5
4911.T,49110,資生堂,プライム,6897802675.0,2693.0
6976.T,69760,太陽誘電,プライム,6889263800.0,3174.5
6504.T,65040,富士電機,プライム,6828576300.0,8772.0
4507.T,45070,塩野義製薬,プライム,6818145050.0,2557.0
5713.T,57130,住友金属鉱山,プライム,6782862500.0,4353.5
4307.T,43070,野村総合研究所,プライム,6719363500.0,5110.5
9531.T,95310,東京瓦斯,プライム,6705051250.0,4818.0
3563.T,35630,ＦＯＯＤ　＆　ＬＩＦＥ　ＣＯＭＰＡＮＩＥＳ,プライム,6577604500.0,5793.5
2413.T,24130,エムスリー,プライム,6529038900.0,1678.75
7259.T,72590,アイシン,プライム,6404162875.0,2314.0
5631.T,56310,日本製鋼所,プライム,6288868100.0,6748.5
4689.T,46890,ＬＩＮＥヤフー,プライム,6170121660.0,419.0
4523.T,45230,エーザイ,プライム,6096164750.0,4693.5
7532.T,75320,パン・パシフィック・インターナショナルホールディングス,プライム,6071405845.0,3796.5
9201.T,92010,日本航空,プライム,5983034550.0,2633.0
8601.T,86010,大和証券グループ本社,プライム,5959093425.0,1120.5
6532.T,65320,ベイカレント・コンサルティング,プライム,5923578250.0,6025.5
7272.T,72720,ヤマハ発動機,プライム,5893153800.0,1185.0
6590.T,65900,芝浦メカトロニクス,プライム,5887083500.0,8285.0
6871.T,68710,日本マイクロニクス,プライム,5852575500.0,5465.0
8795.T,87950,Ｔ＆Ｄホールディングス,プライム,5827110000.0,3187.0
3099.T,30990,三越伊勢丹ホールディングス,プライム,5784347000.0,2411.25
3697.T,36970,ＳＨＩＦＴ,プライム,5759529265.0,1414.5
1911.T,19110,住友林業,プライム,5758261600.0,4237.5
1801.T,18010,大成建設,プライム,5731733650.0,7900.0
2432.T,24320,ディー・エヌ・エー,プライム,5614966350.0,2492.5
3659.T,36590,ネクソン,プライム,5610409025.0,2846.5
8697.T,86970,日本取引所グループ,プライム,5575813425.0,1739.5
4004.T,40040,レゾナック・ホールディングス,プライム,5448147950.0,3719.0
1802.T,18020,大林組,プライム,5377262075.0,2180.0
6383.T,63830,ダイフク,プライム,5334464150.0,3783.0
2503.T,25030,キリンホールディングス,プライム,5308510225.0,2162.75
5201.T,52010,ＡＧＣ,プライム,5287265400.0,4741.5
9202.T,92020,ＡＮＡホールディングス,プライム,5234569950.0,2913.5
8113.T,81130,ユニ・チャーム,プライム,5167894125.0,1137.5
3407.T,34070,旭化成,プライム,5085356300.0,1072.75
1812.T,18120,鹿島建設,プライム,5078415650.0,3513.5
3092.T,30920,ＺＯＺＯ,プライム,5037751950.0,1516.0
9735.T,97350,セコム,プライム,5031175150.0,5395.5
2768.T,27680,双日,プライム,4958168150.0,3587.0
4188.T,41880,三菱ケミカルグループ,プライム,4950019625.0,843.3
6645.T,66450,オムロン,プライム,4918374450.0,4560.5
9021.T,90210,西日本旅客鉄道,プライム,4899205300.0,3080.5
3402.T,34020,東レ,プライム,4894212720.0,989.3
5595.T,55950,ＱＰＳ研究所,グロース,4823479100.0,1663.0
5332.T,53320,ＴＯＴＯ,プライム,4744947900.0,3940.5
3038.T,30380,神戸物産,プライム,4743313700.0,3757.5
4704.T,47040,トレンドマイクロ,プライム,4652041500.0,7908.0
6305.T,63050,日立建機,プライム,4645127200.0,4334.0
4204.T,42040,積水化学工業,プライム,4631655875.0,2569.75
7202.T,72020,いすゞ自動車,プライム,4618556950.0,2007.5
4684.T,46840,オービック,プライム,4609916250.0,5027.0
5253.T,52530,カバー,グロース,4591503650.0,1919.5
3778.T,37780,さくらインターネット,プライム,4550049750.0,3420.0
5406.T,54060,神戸製鋼所,プライム,4436003600.0,1795.5
7163.T,71630,住信ＳＢＩネット銀行,スタンダード,4404470500.0,3850.0
6323.T,63230,ローツェ,プライム,4356998400.0,2126.25
4005.T,40050,住友化学,プライム,4349192385.0,393.5
4528.T,45280,小野薬品工業,プライム,4346745475.0,1919.75
9532.T,95320,大阪瓦斯,プライム,4346529600.0,3653.0
4751.T,47510,サイバーエージェント,プライム,4322097200.0,1241.5
2801.T,28010,キッコーマン,プライム,4308847300.0,1438.5
9502.T,95020,中部電力,プライム,4286422050.0,1865.5
1803.T,18030,清水建設,プライム,4264634235.0,1555.75
3064.T,30640,ＭｏｎｏｔａＲＯ,プライム,4233071725.0,2418.25
7211.T,72110,三菱自動車工業,プライム,4226450750.0,405.9
6479.T,64790,ミネベアミツミ,プライム,4185735650.0,2704.5
6586.T,65860,マキタ,プライム,4086648300.0,4787.5
5334.T,53340,日本特殊陶業,プライム,4056711300.0,4866.0
3003.T,30030,ヒューリック,プライム,4013799475.0,1479.0
5831.T,58310,しずおかフィナンシャルグループ,プライム,3960887925.0,1653.75
6141.T,61410,ＤＭＧ森精機,プライム,3957858075.0,2921.5
9602.T,96020,東宝,プライム,3922399275.0,7112.0
5019.T,50190,出光興産,プライム,3920023365.0,1042.0
8354.T,83540,ふくおかフィナンシャルグループ,プライム,3907019200.0,4296.5
8331.T,83310,千葉銀行,プライム,3890768675.0,1424.0
4324.T,43240,電通グループ,プライム,3875942350.0,3266.5
8593.T,85930,三菱ＨＣキャピタル,プライム,3854927175.0,1069.5
4183.T,41830,三井化学,プライム,3851721450.0,3405.0
7550.T,75500,ゼンショーホールディングス,プライム,3837158250.0,8636.0
9508.T,95080,九州電力,プライム,3739019650.0,1569.25
2267.T,22670,ヤクルト本社,プライム,3696002200.0,2848.5
6965.T,69650,浜松ホトニクス,プライム,3672025150.0,1806.25
6869.T,68690,シスメックス,プライム,3627886950.0,2490.75
9024.T,90240,西武ホールディングス,プライム,3627211400.0,3674.0
2269.T,22690,明治ホールディングス,プライム,3586295550.0,3400.0
7911.T,79110,ＴＯＰＰＡＮホールディングス,プライム,3553434550.0,4181.5
6481.T,64810,ＴＨＫ,プライム,3534402050.0,3856.0
4612.T,46120,日本ペイントホールディングス,プライム,3530933835.0,1043.75
6967.T,69670,新光電気工業,プライム,3509695200.0,5698.0
7186.T,71860,コンコルディア・フィナンシャルグループ,プライム,3467905540.0,965.7
4768.T,47680,大塚商会,プライム,3412405625.0,3079.5
2897.T,28970,日清食品ホールディングス,プライム,3353493650.0,3098.0
9684.T,96840,スクウェア・エニックス・ホールディングス,プライム,3314432975.0,5542.0
9506.T,95060,東北電力,プライム,3301599075.0,1140.75
7729.T,77290,東京精密,プライム,3285784300.0,9510.0
3110.T,31100,日東紡績,プライム,3283361000.0,6460.0
3197.T,31970,すかいらーくホールディングス,プライム,3264309125.0,2919.25
6324.T,63240,ハーモニック・ドライブ・システムズ,スタンダード,3162102000.0,3400.0
7181.T,71810,かんぽ生命保険,プライム,3161053425.0,3106.5
7701.T,77010,島津製作所,プライム,3160966300.0,4139.5
3231.T,32310,野村不動産ホールディングス,プライム,3077912370.0,1029.25
3088.T,30880,マツキヨココカラ＆カンパニー,プライム,3074606875.0,2435.0
9009.T,90090,京成電鉄,プライム,3059450875.0,1395.75
7752.T,77520,リコー,プライム,3045935875.0,1391.0
9719.T,97190,ＳＣＳＫ,プライム,3033866000.0,3964.0
6724.T,67240,セイコーエプソン,プライム,3020550700.0,2106.0
8233.T,82330,高島屋,プライム,3003256450.0,1327.25
9147.T,91470,ＮＩＰＰＯＮ　ＥＸＰＲＥＳＳホールディングス,プライム,2986509700.0,3367.5
3626.T,36260,ＴＩＳ,プライム,2961538550.0,3905.0
2160.T,21600,ジーエヌアイグループ,グロース,2908694450.0,2741.5
4021.T,40210,日産化学,プライム,2897570950.0,5045.0
7912.T,79120,大日本印刷,プライム,2888749950.0,2590.75
4186.T,41860,東京応化工業,プライム,2883751900.0,4123.5
4091.T,40910,日本酸素ホールディングス,プライム,2878979950.0,4852.0
3086.T,30860,Ｊ．フロント　リテイリング,プライム,2855038225.0,2049.75
2282.T,22820,日本ハム,プライム,2851042100.0,5297.0
6740.T,67400,ジャパンディスプレイ,プライム,2821396500.0,20.0
5929.T,59290,三和ホールディングス,プライム,2818755250.0,4147.5
5105.T,51050,ＴＯＹＯ　ＴＩＲＥ,プライム,2817330900.0,2928.25
3349.T,33490,コスモス薬品,プライム,2816094350.0,7446.0
4151.T,41510,協和キリン,プライム,2813426550.0,2496.25
6254.T,62540,野村マイクロ・サイエンス,プライム,2795081650.0,2905.5
9005.T,90050,東急,プライム,2782729950.0,1768.0
9962.T,99620,ミスミグループ本社,プライム,2762595325.0,2457.5
2587.T,25870,サントリー食品インターナショナル,プライム,2723026950.0,4836.0
1942.T,19420,関電工,プライム,2698234650.0,2893.25
7731.T,77310,ニコン,プライム,2695767900.0,1665.25
4676.T,46760,フジ・メディア・ホールディングス,プライム,2685225050.0,2925.5
5844.T,58440,京都フィナンシャルグループ,プライム,2665158725.0,2717.5
8304.T,83040,あおぞら銀行,プライム,2657162250.0,2452.75
3861.T,38610,王子ホールディングス,プライム,2655682140.0,676.5999999999999
6841.T,68410,横河電機,プライム,2638228000.0,4011.5
3289.T,32890,東急不動産ホールディングス,プライム,2554127565.0,1074.0
6269.T,62690,三井海洋開発,プライム,2492978250.0,4637.5
5938.T,59380,ＬＩＸＩＬ,プライム,2480502225.0,1727.75
9064.T,90640,ヤマトホールディングス,プライム,2472727750.0,1903.75
9042.T,90420,阪急阪神ホールディングス,プライム,2465686450.0,4144.5
9513.T,95130,電源開発,プライム,2462984325.0,2598.0
7167.T,71670,めぶきフィナンシャルグループ,プライム,2462593615.0,725.05
4592.T,45920,サンバイオ,グロース,2441936900.0,1758.0
8804.T,88040,東京建物,プライム,2435312175.0,2575.75
9504.T,95040,中国電力,プライム,2422475300.0,924.7
9041.T,90410,近鉄グループホールディングス,プライム,2420137300.0,3244.5
7747.T,77470,朝日インテック,プライム,2418785400.0,2484.5
5110.T,51100,住友ゴム工業,プライム,2417764525.0,1759.25
8253.T,82530,クレディセゾン,プライム,2393371050.0,3715.5
6368.T,63680,オルガノ,プライム,2377480500.0,8850.0
3994.T,39940,マネーフォワード,プライム,2348264750.0,4736.5
6113.T,61130,アマダ,プライム,2333577875.0,1708.25
5706.T,57060,三井金属鉱業,プライム,2315226550.0,5029.5
6370.T,63700,栗田工業,プライム,2307224250.0,5793.5
4042.T,40420,東ソー,プライム,2293300575.0,2112.5
2702.T,27020,日本マクドナルドホールディングス,スタンダード,2257290000.0,6280.0
8227.T,82270,しまむら,プライム,2253908700.0,8759.0
8252.T,82520,丸井グループ,プライム,2246846600.0,2896.0
4182.T,41820,三菱瓦斯化学,プライム,2246762350.0,2755.25
4680.T,46800,ラウンドワン,プライム,2246143600.0,1079.75
6770.T,67700,アルプスアルパイン,プライム,2243663525.0,1576.5
6302.T,63020,住友重機械工業,プライム,2242319900.0,3422.5
5805.T,58050,ＳＷＣＣ,プライム,2226278500.0,7520.0
5101.T,51010,横浜ゴム,プライム,2223390450.0,3744.5
1944.T,19440,きんでん,プライム,2201499550.0,3834.5
6417.T,64170,ＳＡＮＫＹＯ,プライム,2199046550.0,2160.75
3405.T,34050,クラレ,プライム,2198909175.0,1828.0
4980.T,49800,デクセリアルズ,プライム,2194251950.0,2322.5
2871.T,28710,ニチレイ,プライム,2181781350.0,1980.75
5711.T,57110,三菱マテリアル,プライム,2177835300.0,2590.75
5021.T,50210,コスモエネルギーホールディングス,プライム,2176913900.0,6523.0
2371.T,23710,カカクコム,プライム,2161561525.0,2352.0
2212.T,22120,山崎製パン,プライム,2139687475.0,3227.0
2127.T,21270,日本Ｍ＆Ａセンターホールディングス,プライム,2131821135.0,698.4
141A.T,141A0,トライアルホールディングス,グロース,2125797550.0,2625.0
9301.T,93010,三菱倉庫,プライム,2118807800.0,1196.25
5214.T,52140,日本電気硝子,プライム,2108247500.0,3622.0
6471.T,64710,日本精工,プライム,2073909455.0,753.5
6460.T,64600,セガサミーホールディングス,プライム,2070749775.0,2789.75
3288.T,32880,オープンハウスグループ,プライム,2065352550.0,6283.5
6448.T,64480,ブラザー工業,プライム,2061565550.0,2824.25
5333.T,53330,日本碍子,プライム,2059954325.0,2021.75
6465.T,64650,ホシザキ,プライム,2053553850.0,5343.0
3391.T,33910,ツルハホールディングス,プライム,2048933850.0,8625.0
3769.T,37690,ＧＭＯペイメントゲートウェイ,プライム,2028435100.0,8422.0
7276.T,72760,小糸製作所,プライム,2025027625.0,2120.25
6753.T,67530,シャープ,プライム,2023307510.0,853.5
9143.T,91430,ＳＧホールディングス,プライム,2018623050.0,1509.5
7581.T,75810,サイゼリヤ,プライム,1985522250.0,5240.0
6674.T,66740,ジーエス・ユアサ　コーポレーション,プライム,1965660025.0,2873.5
4527.T,45270,ロート製薬,プライム,1961341925.0,2515.0
9142.T,91420,九州旅客鉄道,プライム,1949674150.0,3875.0
8334.T,83340,群馬銀行,プライム,1925305800.0,1223.75
8359.T,83590,八十二銀行,プライム,1919549765.0,1140.75
4613.T,46130,関西ペイント,プライム,1916691700.0,2418.5
6268.T,62680,ナブテスコ,プライム,1915696300.0,2694.0
6728.T,67280,アルバック,プライム,1908719500.0,6856.0
8056.T,80560,ＢＩＰＲＯＧＹ,プライム,1861733700.0,4806.0
8698.T,86980,マネックスグループ,プライム,1850633050.0,719.0
4536.T,45360,参天製薬,プライム,1845427425.0,1644.75
9166.T,91660,ＧＥＮＤＡ,グロース,1839504050.0,995.0
9468.T,94680,ＫＡＤＯＫＡＷＡ,プライム,1839135150.0,3344.5
7220.T,72200,武蔵精密工業,プライム,1838691100.0,2844.5
5726.T,57260,大阪チタニウムテクノロジーズ,プライム,1833489600.0,2194.0
5032.T,50320,ＡＮＹＣＯＬＯＲ,プライム,1832952250.0,3205.0
1808.T,18080,長谷工コーポレーション,プライム,1828542600.0,2092.25
5830.T,58300,いよぎんホールディングス,プライム,1827723775.0,1625.5
1959.T,19590,九電工,プライム,1822810900.0,6603.5
5444.T,54440,大和工業,プライム,1821504200.0,8411.5
1969.T,19690,高砂熱学工業,プライム,1821054550.0,5470.0
7518.T,75180,ネットワンシステムズ,プライム,1790949000.0,3620.0
9616.T,96160,共立メンテナンス,プライム,1786735450.0,2894.25
1721.T,17210,コムシスホールディングス,プライム,1763345950.0,3303.0
2579.T,25790,コカ・コーラ　ボトラーズジャパンホールディングス,プライム,1761626875.0,2457.0
6473.T,64730,ジェイテクト,プライム,1755272050.0,1160.5
6890.T,68900,フェローテックホールディングス,スタンダード,1752345100.0,2739.5
2501.T,25010,サッポロホールディングス,プライム,1752298800.0,7204.5
7951.T,79510,ヤマハ,プライム,1737448375.0,1107.25
7867.T,78670,タカラトミー,プライム,1707397350.0,3239.0
9007.T,90070,小田急電鉄,プライム,1705459850.0,1615.25
6507.T,65070,シンフォニアテクノロジー,プライム,1702284500.0,7270.0
4922.T,49220,コーセー,プライム,1701542200.0,6200.0
2181.T,21810,パーソルホールディングス,プライム,1666486745.0,254.35000000000002
5233.T,52330,太平洋セメント,プライム,1656078350.0,3812.0
1963.T,19630,日揮ホールディングス,プライム,1636753700.0,1318.25
8524.T,85240,北洋銀行,プライム,1631252500.0,577.5
4043.T,40430,トクヤマ,プライム,1624868300.0,2936.75
7649.T,76490,スギホールディングス,プライム,1620136600.0,3069.5
3923.T,39230,ラクス,プライム,1619754885.0,1929.5
4902.T,49020,コニカミノルタ,プライム,1619346470.0,516.5999999999999
8410.T,84100,セブン銀行,プライム,1616537755.0,287.54999999999995
4732.T,47320,ユー・エス・エス,プライム,1605980225.0,1510.25
9001.T,90010,東武鉄道,プライム,1601268300.0,2625.0
6432.T,64320,竹内製作所,プライム,1587070500.0,5090.0
6993.T,69930,大黒屋ホールディングス,スタンダード,1587038350.0,33.5
2809.T,28090,キユーピー,プライム,1574677900.0,3613.5
4403.T,44030,日油,プライム,1574499475.0,2525.25
3141.T,31410,ウエルシアホールディングス,プライム,1574163900.0,2174.75
6754.T,67540,アンリツ,プライム,1561991250.0,1532.5
4194.T,41940,ビジョナル,プライム,1560315150.0,8044.0
4369.T,43690,トリケミカル研究所,プライム,1543475650.0,3120.0
2327.T,23270,日鉄ソリューションズ,プライム,1537593900.0,3873.0
2670.T,26700,エービーシー・マート,プライム,1532933175.0,2879.5
3692.T,36920,ＦＦＲＩセキュリティ,グロース,1524973000.0,4067.5
4912.T,49120,ライオン,プライム,1517429025.0,1613.0
3116.T,31160,トヨタ紡織,プライム,1508968125.0,2096.0
3397.T,33970,トリドールホールディングス,プライム,1492348750.0,4059.0
7205.T,72050,日野自動車,プライム,1490087895.0,431.1
6923.T,69230,スタンレー電気,プライム,1481258025.0,2846.75
1662.T,16620,石油資源開発,プライム,1480243100.0,1244.0
1893.T,18930,五洋建設,プライム,1478738130.0,850.9000000000001
3993.T,39930,ＰＫＳＨＡ　Ｔｅｃｈｎｏｌｏｇｙ,スタンダード,1468868750.0,3495.0
9008.T,90080,京王電鉄,プライム,1466920355.0,3758.5
7282.T,72820,豊田合成,プライム,1462899975.0,2846.75
6845.T,68450,アズビル,プライム,1460210250.0,1398.25
3635.T,36350,コーエーテクモホールディングス,プライム,1459658525.0,1866.75
9404.T,94040,日本テレビホールディングス,プライム,1443272200.0,3152.0
4587.T,45870,ペプチドリーム,プライム,1431953100.0,1857.5
4967.T,49670,小林製薬,プライム,1427557550.0,5538.0
5076.T,50760,インフロニア・ホールディングス,プライム,1426974575.0,1281.5
9831.T,98310,ヤマダホールディングス,プライム,1410728135.0,453.75
8377.T,83770,ほくほくフィナンシャルグループ,プライム,1401823775.0,2660.75
6028.T,60280,テクノプロ・ホールディングス,プライム,1395909050.0,3058.0
8088.T,80880,岩谷産業,プライム,1389045675.0,1721.75
2002.T,20020,日清製粉グループ本社,プライム,1376661950.0,1816.5
6508.T,65080,明電舎,プライム,1375784000.0,4587.5
4666.T,46660,パーク２４,プライム,1370482925.0,1893.25
8905.T,89050,イオンモール,プライム,1353104400.0,2032.0
7956.T,79560,ピジョン,プライム,1332967675.0,1633.0
9065.T,90650,山九,プライム,1325774800.0,6651.0
4921.T,49210,ファンケル,プライム,1325053150.0,2790.0
2593.T,25930,伊藤園,プライム,1316240625.0,3316.5
4626.T,46260,太陽ホールディングス,プライム,1316033700.0,4801.5
4540.T,45400,ツムラ,プライム,1312524950.0,4033.5
4088.T,40880,エア・ウォーター,プライム,1308241900.0,2141.25
2726.T,27260,パルグループホールディングス,プライム,1305120250.0,2466.5
6707.T,67070,サンケン電気,プライム,1293831200.0,7001.5
7564.T,75640,ワークマン,スタンダード,1284658750.0,5062.5
9706.T,97060,日本空港ビルデング,プライム,1274271650.0,4945.0
4202.T,42020,ダイセル,プライム,1273903350.0,1331.5
3774.T,37740,インターネットイニシアティブ,プライム,1263277275.0,2740.25
4516.T,45160,日本新薬,プライム,1243955200.0,3695.5
4443.T,44430,Ｓａｎｓａｎ,プライム,1240522700.0,1922.0
8418.T,84180,山口フィナンシャルグループ,プライム,1235578925.0,1755.75
6951.T,69510,日本電子,プライム,1233774300.0,5399.0
4205.T,42050,日本ゼオン,プライム,1231873350.0,1492.25
8341.T,83410,七十七銀行,プライム,1221215750.0,4729.0
6472.T,64720,ＮＴＮ,プライム,1214688760.0,283.4
3132.T,31320,マクニカホールディングス,プライム,1214171425.0,2032.5
4208.T,42080,ＵＢＥ,プライム,1214122950.0,2405.5
6952.T,69520,カシオ計算機,プライム,1209220325.0,1207.75
4114.T,41140,日本触媒,プライム,1205512050.0,1786.75
6632.T,66320,ＪＶＣケンウッド,プライム,1200291725.0,1214.5
7180.T,71800,九州フィナンシャルグループ,プライム,1192799425.0,829.95
9401.T,94010,ＴＢＳホールディングス,プライム,1191400400.0,4709.0
4478.T,44780,フリー,グロース,1188396350.0,2990.0
5991.T,59910,日本発條,プライム,1186582675.0,1821.5
2222.T,22220,寿スピリッツ,プライム,1183259700.0,1915.0
9533.T,95330,東邦瓦斯,プライム,1181191450.0,4191.0
9989.T,99890,サンドラッグ,プライム,1179792900.0,4182.5
7721.T,77210,東京計器,プライム,1178467750.0,3830.0
6103.T,61030,オークマ,プライム,1177484250.0,3657.5
4733.T,47330,オービックビジネスコンサルタント,プライム,1176533550.0,7223.0
7762.T,77620,シチズン時計,プライム,1175877950.0,976.0
1332.T,13320,ニッスイ,プライム,1158925135.0,923.85
5301.T,53010,東海カーボン,プライム,1158272625.0,983.75
6787.T,67870,メイコー,プライム,1154438500.0,7980.0
7148.T,71480,ＦＰＧ,プライム,1153438050.0,2291.5
6005.T,60050,三浦工業,プライム,1150082575.0,3211.5
4203.T,42030,住友ベークライト,プライム,1149198600.0,4169.0
1951.T,19510,エクシオグループ,プライム,1142276300.0,1796.75
9076.T,90760,セイノーホールディングス,プライム,1141069200.0,2309.25
4894.T,48940,クオリプス,グロース,1134498500.0,6660.0
5947.T,59470,リンナイ,プライム,1123944800.0,3586.0
7732.T,77320,トプコン,プライム,1121207000.0,2851.5
6814.T,68140,古野電気,プライム,1118013150.0,2737.0
6755.T,67550,富士通ゼネラル,プライム,1117638000.0,2273.0
9987.T,99870,スズケン,プライム,1116986200.0,5265.5
2229.T,22290,カルビー,プライム,1112381900.0,2969.5
9749.T,97490,富士ソフト,プライム,1112008950.0,9374.0
4180.T,41800,Ａｐｐｉｅｒ　Ｇｒｏｕｐ,プライム,1104780850.0,1369.0
9048.T,90480,名古屋鉄道,プライム,1099769175.0,1726.75
6622.T,66220,ダイヘン,プライム,1096650500.0,7510.0
3401.T,34010,帝人,プライム,1095497575.0,1335.75
7189.T,71890,西日本フィナンシャルホールディングス,プライム,1090154450.0,2155.5
9507.T,95070,四国電力,プライム,1088331700.0,1344.5
4061.T,40610,デンカ,プライム,1088010875.0,2226.0
6966.T,69660,三井ハイテック,プライム,1084770775.0,792.5
3046.T,30460,ジンズホールディングス,プライム,1083443500.0,6350.0
3186.T,31860,ネクステージ,プライム,1078008700.0,1994.5
1719.T,17190,安藤・間,プライム,1074445650.0,1432.0
8111.T,81110,ゴールドウイン,プライム,1068471150.0,7949.5
9744.T,97440,メイテックグループホールディングス,プライム,1067596050.0,3175.0
4681.T,46810,リゾートトラスト,プライム,1051005700.0,1925.0
4631.T,46310,ＤＩＣ,プライム,1049047750.0,3297.0
7459.T,74590,メディパルホールディングス,プライム,1045692800.0,2530.25
9861.T,98610,吉野家ホールディングス,プライム,1043568600.0,3093.5
5714.T,57140,ＤＯＷＡホールディングス,プライム,1039887750.0,5246.5
9364.T,93640,上組,プライム,1038804850.0,3789.5
7988.T,79880,ニフコ,プライム,1038660400.0,3756.0
9505.T,95050,北陸電力,プライム,1036124285.0,913.2
1980.T,19800,ダイダン,プライム,1029090500.0,3617.5
2331.T,23310,綜合警備保障,プライム,1028956800.0,1091.5
4816.T,48160,東映アニメーション,スタンダード,1018982000.0,3052.5
9412.T,94120,スカパーＪＳＡＴホールディングス,プライム,1007705500.0,1259.5
9418.T,94180,Ｕ−ＮＥＸＴ　ＨＯＬＤＩＮＧＳ,プライム,1001667100.0,2042.0
2767.T,27670,円谷フィールズホールディングス,プライム,996388300.0,1847.0
7278.T,72780,エクセディ,プライム,996049500.0,4600.0
6592.T,65920,マブチモーター,プライム,991296025.0,2228.0
7337.T,73370,ひろぎんホールディングス,プライム,990304650.0,1262.75
3941.T,39410,レンゴー,プライム,986572415.0,928.7
5393.T,53930,ニチアス,プライム,986186000.0,5500.5
8282.T,82820,ケーズホールディングス,プライム,980268275.0,1525.5
4483.T,44830,ＪＭＤＣ,プライム,978189400.0,3892.0
2811.T,28110,カゴメ,プライム,971097075.0,2928.25
4480.T,44800,メドレー,プライム,966875200.0,3087.5
3549.T,35490,クスリのアオキホールディングス,プライム,962088300.0,3498.0
8358.T,83580,スルガ銀行,プライム,957631250.0,1337.0
6849.T,68490,日本光電工業,プライム,952092125.0,1748.5
8918.T,89180,ランド,スタンダード,950371600.0,9.0
4887.T,48870,サワイグループホールディングス,プライム,946274275.0,2061.0
9552.T,95520,Ｍ＆Ａ総研ホールディングス,プライム,932267250.0,1350.0
8570.T,85700,イオンフィナンシャルサービス,プライム,932145975.0,1333.25
5901.T,59010,東洋製罐グループホールディングス,プライム,928869850.0,2691.5
7164.T,71640,全国保証,プライム,913336100.0,3293.0
2264.T,22640,森永乳業,プライム,912392950.0,3388.5
9006.T,90060,京浜急行電鉄,プライム,911376425.0,1500.75
4617.T,46170,中国塗料,プライム,905574000.0,2365.0
8439.T,84390,東京センチュリー,プライム,901698950.0,1629.25
6855.T,68550,日本電子材料,スタンダード,899860300.0,2782.5
8848.T,88480,レオパレス２１,プライム,898644550.0,615.0
4927.T,49270,ポーラ・オルビスホールディングス,プライム,881631875.0,1340.5
4272.T,42720,日本化薬,プライム,878734425.0,1363.0
2607.T,26070,不二製油グループ本社,プライム,877751050.0,3188.0
8366.T,83660,滋賀銀行,プライム,874261500.0,4992.5
3291.T,32910,飯田グループホールディングス,プライム,870117150.0,2264.0
3048.T,30480,ビックカメラ,プライム,867605850.0,1605.25
1414.T,14140,ショーボンドホールディングス,プライム,866435550.0,4957.5
8020.T,80200,兼松,プライム,865613200.0,2530.5
8129.T,81290,東邦ホールディングス,プライム,851463750.0,4624.0
5741.T,57410,ＵＡＣＪ,プライム,849657750.0,4807.5
9072.T,90720,ニッコンホールディングス,プライム,848552175.0,3305.0
8876.T,88760,リログループ,プライム,848338075.0,1798.0
6961.T,69610,エンプラス,プライム,846211000.0,6290.0
4401.T,44010,ＡＤＥＫＡ,プライム,843801850.0,3105.0
9603.T,96030,エイチ・アイ・エス,プライム,841958950.0,1470.0
4565.T,45650,ネクセラファーマ,プライム,831725550.0,952.0
3097.T,30970,物語コーポレーション,プライム,831329000.0,3772.5
9044.T,90440,南海電気鉄道,プライム,829408575.0,2555.75
8242.T,82420,エイチ・ツー・オー　リテイリング,プライム,825407450.0,2144.25
5471.T,54710,大同特殊鋼,プライム,824225375.0,1343.25
2784.T,27840,アルフレッサ　ホールディングス,プライム,817590225.0,2203.0
